<bibliography id="bibliography">
<?dbhtml filename="bibliography.html"?>
<title>References and Resources</title>
<!-- these are just examples...you do not need to use these sections. -->

<!-- A full bibliography entry would use the following template. -->
<!--
<biblioentry>
<title>
</title>
<bibliosource><ulink url="" /></bibliosource>
<author><firstname></firstname><surname></surname></author>
<copyright><year></year>
<holder></holder></copyright>
<editor><firstname></firstname><surname></surname></editor>
<isbn></isbn>
<publisher>
<publishername></publishername>
</publisher>
</biblioentry>
-->

<bibliodiv id="ref-howto" xreflabel="HOWTOs">
<title>HOWTOs</title>

	<biblioentry>
	<title>Document Title</title>
	<bibliosource><ulink url="URL" /></bibliosource>
	</biblioentry>

	<biblioentry>
	<title>Document Title 2</title>
	<bibliosource><ulink url="URL 2" /></bibliosource>
	</biblioentry>
</bibliodiv>

<bibliodiv id="ref-installreports" xreflabel="Hardware-specific Install Reports and Info">
	<title>Hardware-specific Install Reports and Info</title>
	
	<biblioentry>
	<title>Installation Reports</title>
	<bibliosource><ulink url="URL 3"/></bibliosource>
	</biblioentry>

	<biblioentry>
	<title>Blacklist</title>
	<bibliosource><ulink url="URL 4"/></bibliosource>
	</biblioentry>
</bibliodiv>

<bibliodiv id="ref-mailinglist" xreflabel="Mailing List Threads">
<title>Mailing List Threads</title>
	<biblioentry>
	<title>mailing_list_name thread: subject line</title>
	<bibliosource><ulink url="URL 5" /></bibliosource>
	</biblioentry>

<bibliodiv id="ref-software" xreflabel="Packages and related software">
<title>Packages and related software</title>
	<biblioentry>
	<title>The Kernel</title>
	<bibliosource><ulink url="http://www.kernel.org" /></bibliosource>
	<abstract><para>Remember to choose "F" for full when you download your
	kernel source.</para></abstract>
	</biblioentry>
</bibliodiv>

</bibliography>
