<?xml version='1.0' encoding='ISO-8859-1'?>
<chapter id="chap_01"><title>Title of first chapter</title>

<abstract>
<para>What we will do in this chapter:</para>
<para>
<itemizedlist>
<listitem><para>stuff</para></listitem>
<listitem><para>more stuff</para></listitem>
<listitem><para>talk about other stuff</para></listitem>
<listitem><para>play with stuff</para></listitem>
</itemizedlist>
</para>
</abstract>

<sect1 id="sect_01_01"> 
<title>Section1 title</title>

<sect2 id="sect_01_01_01"><title>Section2 title</title>
<para>Usually some introduction</para>
<para>on all the aspects of stuff.</para>
</sect2>

<sect2 id="sect_01_01_02"><title>Section2 title</title>
<para>In-depth discussion</para>
<para>Explain concepts.</para>
</sect2>

<sect2 id="sect_01_01_03">
<title>Section2 title</title>
<para>Maybe some examples</para>
<para>And a hint to the next section of the chapter.</para>
</sect2>

</sect1>

<sect1 id="sect_01_02">
<title>Section1 title</title>

<sect2 id="sect_01_02_01">
<title>Section2 title</title>
<para>More stuff</para>
<para>More stuff</para>
</sect2>

<sect2 id="sect_01_02_02">
<title>Section2 title</title>
<para>This is the second subsection of the second section of the first chapter.</para>
<para>Add as many sections and subsections as you want.</para>
</sect2>
</sect1>

</chapter>
