<appendix id="app1">

<title>Appendix one title</title>

<abstract>
<para>Says what this appendix is about, for instance further info on the web.</para>
</abstract>
 
<sect1>
<title>further info</title>

<sect2><title>about this subject</title>

<itemizedlist>
<listitem><para><ulink url="http://useful.org" />: about this and that.</para></listitem>
<listitem><para><ulink url="http://related.org" />: about other related stuff.</para></listitem>
<listitem><para><ulink url="http://other.org" />: more stuff.</para></listitem>
</itemizedlist>

</sect2>

<sect2><title>about other subject</title>
                                                                                
<itemizedlist>
<listitem><para><ulink url="http://useful2.org" />: about this and that.</para></listitem>
<listitem><para><ulink url="http://related2.org" />: about other related stuff.</para></listitem>
<listitem><para><ulink url="http://other2.org" />: more stuff.</para></listitem> </itemizedlist>
                                                                                
</sect2>

</sect1>

</appendix>
