<?xml version='1.0' encoding='ISO-8859-1'?>
<chapter id="chap_02"><title>Title of second chapter</title>

<abstract>
<para>What we will do in this chapter:</para>
<para>
<itemizedlist>
<listitem><para>stuff</para></listitem>
<listitem><para>more stuff</para></listitem>
<listitem><para>talk about other stuff</para></listitem>
<listitem><para>play with stuff</para></listitem>
</itemizedlist>
</para>
</abstract>

<sect1 id="sect_02_01"> 
<title>Section1 title</title>

<sect2 id="sect_02_01_01"><title>Section2 title</title>

<sect3 id="sect_02_01_01_01"><title>Section3 title</title>
<para>Intro</para>
<orderedlist>
<listitem><para>Summing up a few things</para></listitem>
<listitem><para>in a list</para></listitem>
<listitem><para>where items are numbered</para></listitem>
</orderedlist>
<para>Explanations</para>
</sect3>

<sect3 id="sect_02_01_01_01"><title>Section3 title</title>
<para>Other explanation</para>
<itemizedlist>
<listitem><para>Summing up a few things</para></listitem>
<listitem><para>in a list</para></listitem>
<listitem><para>where items are not numbered</para></listitem>
</itemizedlist>
<para>And discussion</para>
</sect3>


</sect2>

<sect2 id="sect_02_01_02"><title>Section2 title</title>
<para>Showing a picture in text:</para>

<figure><title></title>
<mediaobject>
<imageobject>
<imagedata fileref="your_images_dir/image.eps" format="EPS"></imagedata></imageobject>
<imageobject>
<imagedata fileref="your_images_dir/image.png" format="PNG"></imagedata></imageobject>
</mediaobject>
</figure>
<para>PNG is for on-line browsing, EPS for printing.  <command>gimp</command> and/or <command>convert</command> will do the trick, starting from about any source format.</para>
</sect2>

</sect1>

<sect1 id="sect_02_02">
<title>Section1 title</title>

<sect2 id="sect_02_02_01">
<title>Section2 title</title>
<para>This is a table with two colums:</para>

<table id="tab_02_01" frame="all"><title>Table title</title>
<tgroup cols="2" align="left" colsep="1" rowsep="1">
<thead>
<row><entry>first colum header</entry><entry>second colum header</entry></row>
</thead>
<tbody>
<row><entry>item</entry><entry>meaning</entry></row>
<row><entry>item</entry><entry>meaning</entry></row>
<row><entry>item</entry><entry>meaning</entry></row>
</tbody>
</tgroup>
</table>

</sect2>

<sect2 id="sect_02_02_02">
<title>Section2 title</title>
<para>This is a link to the first section of the first chapter: <xref linkend="sect_01_01" />.</para>
<para>This is an external link: <ulink url="http://www.somewhere.org" />.</para>
<para>This is also <ulink url="http://www.somewhere.org">an external link</ulink>, only here you don't see the URL.</para>
</sect2>
</sect1>

</chapter>
