<glossary id="glossary"><?dbhtml filename="gloss.html"?>

<title>Glossary</title>

<abstract>
<para>This is a glossary.</para>
</abstract>

<glossdiv><title>A</title>

<glossentry id="entryname">
    <glossterm>entryname</glossterm>
    <glossdef>
      <para>definition</para>
    </glossdef>
    </glossentry>

<glossentry id="entryname">
    <glossterm>entryname</glossterm>
    <glossdef>
      <para>definition</para>
    </glossdef>
    </glossentry>
                                                                                
<glossentry id="entryname">
    <glossterm>entryname</glossterm>
    <glossdef>
      <para>definition</para>
    </glossdef>
    </glossentry>
                                                                                
</glossdiv>
 
<glossdiv><title>B</title>

<glossentry id="entryname">
    <glossterm>entryname</glossterm>
    <glossdef>
      <para>definition</para>
    </glossdef>
    </glossentry>

<glossentry id="entryname">
    <glossterm>entryname</glossterm>
    <glossdef>
      <para>definition</para>
    </glossdef>
    </glossentry>

<glossentry id="entryname">
    <glossterm>entryname</glossterm>
    <glossdef>
      <para>definition</para>
    </glossdef>
    </glossentry>

</glossdiv>
                                                                                
<glossdiv><title>C</title>
                                                                                
<glossentry id="entryname">
    <glossterm>entryname</glossterm>
    <glossdef>
      <para>definition</para>
    </glossdef>
    </glossentry>
                                                                                
<glossentry id="entryname">
    <glossterm>entryname</glossterm>
    <glossdef>
      <para>definition</para>
    </glossdef>
    </glossentry>
                                                                                
<glossentry id="entryname">
    <glossterm>entryname</glossterm>
    <glossdef>
      <para>definition</para>
    </glossdef>
    </glossentry>
                                                                                
</glossdiv>

And so on, for all the letters in the alphabet and all the items you want in the list.

</glossary>
